City,Cloudiness,Country,Date,Humidity,Lat,Lng,Max Temp,Wind Speed
severo-kurilsk,100,RU,1580372527,87,50.68,156.12,16.3,3.53
corn island,54,NI,1580372527,71,12.17,-83.04,79.39,10.6
kapaa,20,US,1580372462,83,22.08,-159.32,69.8,8.05
bahia blanca,0,AR,1580372525,37,-38.72,-62.27,57.47,16.69
ahome,0,MX,1580372528,94,25.92,-109.18,57.99,3.0
kampong cham,32,KH,1580372528,37,11.99,105.46,90.93,5.77
khatanga,97,RU,1580372529,98,71.97,102.5,-17.05,3.4
qaanaaq,100,GL,1580372529,96,77.48,-69.36,-17.9,2.42
langham,40,CA,1580372529,92,52.37,-106.97,19.4,12.75
busselton,29,AU,1580372529,28,-33.65,115.33,73.0,18.48
bambous virieux,20,MU,1580372529,54,-20.34,57.76,84.2,8.05
san blas,100,MX,1580372530,74,21.52,-105.27,72.18,6.51
lagoa,67,PT,1580372530,89,39.05,-27.98,64.33,18.54
victoria,0,HK,1580372290,23,22.29,114.16,68.0,11.41
oum hadjer,98,TD,1580372530,7,13.3,19.7,77.81,11.81
ushuaia,75,AR,1580372531,66,-54.8,-68.3,48.2,21.92
yellowknife,90,CA,1580372531,92,62.46,-114.35,17.01,10.29
east london,40,ZA,1580372389,88,-33.02,27.91,68.0,8.05
faanui,100,PF,1580372531,72,-16.48,-151.75,81.66,11.59
neiafu,90,TO,1580372531,81,-18.65,-173.98,83.21,8.05
najran,33,SA,1580372532,23,17.49,44.13,73.4,6.93
guerrero negro,0,MX,1580372532,88,27.98,-114.06,57.42,9.55
santa fe,83,AR,1580372532,83,-31.63,-60.7,69.01,7.0
butaritari,100,KI,1580372532,77,3.07,172.79,84.67,7.87
georgetown,20,MY,1580372395,55,5.41,100.34,91.4,4.7
cape town,0,ZA,1580372524,44,-33.93,18.42,81.0,11.41
aswan,0,EG,1580372533,27,24.09,32.91,67.28,8.84
petauke,100,ZM,1580372533,97,-14.24,31.33,68.99,2.35
sumbe,100,AO,1580372533,77,-11.21,13.84,80.24,3.0
coihaique,75,CL,1580372533,76,-45.58,-72.07,50.0,6.93
rikitea,100,PF,1580372534,75,-23.12,-134.97,79.36,10.33
hermanus,0,ZA,1580372534,65,-34.42,19.23,81.0,13.0
vanavara,100,RU,1580372534,88,60.34,102.28,5.38,11.27
nemuro,75,JP,1580372534,100,43.32,145.57,33.8,17.22
saint george,1,US,1580372534,55,37.1,-113.58,39.2,9.17
souillac,20,MU,1580372535,54,-20.52,57.52,84.2,8.05
erenhot,0,CN,1580372535,77,43.65,111.98,21.4,10.65
bluff,8,NZ,1580372535,60,-46.6,168.33,66.0,18.99
belyy yar,0,RU,1580372535,47,53.6,91.39,12.2,11.18
meulaboh,100,ID,1580372536,67,4.14,96.13,82.85,9.64
narsaq,71,GL,1580372536,56,60.92,-46.05,14.0,8.05
avarua,0,CK,1580372536,83,-21.21,-159.78,80.6,10.29
vaini,40,TO,1580372536,88,-21.2,-175.2,80.6,4.7
albany,20,US,1580372457,67,42.6,-73.97,19.0,5.82
castro,100,BR,1580372537,98,-24.79,-50.01,63.19,2.08
chokurdakh,99,RU,1580372537,98,70.63,147.92,-15.48,6.8
pevek,100,RU,1580372537,98,69.7,170.31,-17.9,3.69
mataura,0,NZ,1580372537,60,-46.19,168.86,66.0,18.99
port alfred,84,ZA,1580372537,75,-33.59,26.89,73.99,5.99
victoria point,20,AU,1580372538,69,-27.58,153.3,82.99,10.29
nikolskoye,90,RU,1580372538,100,59.7,30.79,30.99,11.18
cayenne,75,GF,1580372538,88,4.93,-52.33,78.8,3.36
el alto,0,PE,1580372538,74,-4.27,-81.21,71.31,5.64
berdigestyakh,100,RU,1580372539,96,62.1,126.7,-9.85,4.83
amahai,70,ID,1580372539,64,-3.33,128.92,86.36,2.33
san patricio,100,MX,1580372539,74,19.22,-104.7,74.55,3.09
san ignacio,40,BZ,1580372539,100,17.16,-89.07,73.4,1.5
carutapera,96,BR,1580372539,81,-1.2,-46.02,81.68,13.2
charters towers,100,AU,1580372540,81,-20.1,146.27,78.71,13.44
bonito,27,BR,1580372540,90,-21.12,-56.48,72.97,8.9
chaplynka,98,UA,1580372540,50,46.37,33.54,43.43,13.09
bredasdorp,20,ZA,1580372540,56,-34.53,20.04,73.99,23.04
norman wells,40,CA,1580372540,67,65.28,-126.83,-22.0,9.17
jamestown,1,US,1580372525,100,42.1,-79.24,21.0,5.82
jhudo,0,PK,1580372541,17,24.96,69.3,77.14,5.39
adre,100,TD,1580372541,9,13.47,22.2,73.04,18.1
naryan-mar,0,RU,1580372541,96,67.67,53.09,-16.49,5.03
buraydah,0,SA,1580372542,62,26.33,43.98,57.2,2.24
puerto escondido,13,MX,1580372542,91,15.85,-97.07,66.69,3.47
solnechnyy,0,RU,1580372542,70,50.72,136.63,4.57,6.06
sao filipe,0,CV,1580372542,71,14.9,-24.5,72.1,15.61
torbay,90,CA,1580372403,86,47.67,-52.73,30.99,11.41
ust-nera,100,RU,1580372543,100,64.57,143.2,-36.02,1.74
san cristobal,98,VE,1580372543,96,7.77,-72.22,52.92,1.21
honiara,90,SB,1580372543,79,-9.43,159.95,84.2,2.24
anju,0,KP,1580372544,66,39.62,125.66,31.8,6.22
puerto ayora,5,EC,1580372544,100,-0.74,-90.35,75.0,8.68
kuala terengganu,40,MY,1580372383,70,5.33,103.14,86.0,8.05
okakarara,89,NA,1580372544,29,-20.58,17.43,86.67,7.43
longyearbyen,75,SJ,1580372516,62,78.22,15.64,23.0,17.22
otane,0,NZ,1580372544,47,-39.88,176.63,66.99,5.01
santa maria,100,BR,1580372545,96,-29.68,-53.81,69.01,4.76
sitka,75,US,1580372545,80,57.05,-135.33,35.6,17.22
upernavik,93,GL,1580372545,91,72.79,-56.15,-14.39,5.28
chuy,100,UY,1580372545,87,-33.7,-53.46,70.48,12.44
rio grande,36,BR,1580372545,93,-32.03,-52.1,69.01,8.39
new norfolk,20,AU,1580372530,72,-42.78,147.06,70.0,19.46
kampene,99,CD,1580372546,53,-3.6,26.67,84.94,4.41
nanortalik,0,GL,1580372546,51,60.14,-45.24,21.09,29.71
hithadhoo,65,MV,1580372546,77,-0.6,73.08,81.84,14.29
mizdah,0,LY,1580372547,48,31.45,12.98,55.98,1.01
pangnirtung,40,CA,1580372547,75,66.15,-65.71,-16.6,3.62
tuktoyaktuk,100,CA,1580372547,97,69.45,-133.04,-17.09,11.52
ballina,40,AU,1580372548,74,-28.87,153.57,84.2,13.87
ancud,1,CL,1580372548,87,-41.87,-73.82,48.2,2.24
iqaluit,90,CA,1580372548,77,63.75,-68.51,-0.4,2.42
cabo san lucas,100,MX,1580372548,66,22.89,-109.91,62.01,1.01
hobart,20,AU,1580372419,68,-42.88,147.33,70.0,19.46
bowen,75,AU,1580372549,74,-20.02,148.23,82.4,11.41
fortuna,90,US,1580372549,93,40.6,-124.16,53.6,12.75
birao,13,CF,1580372549,10,10.28,22.79,80.51,17.18
tumut,0,AU,1580372550,22,-35.3,148.22,82.85,2.01
lompoc,1,US,1580372550,66,34.64,-120.46,53.01,13.09
sao joao da barra,73,BR,1580372550,91,-21.64,-41.05,76.8,10.76
atasu,0,KZ,1580372550,77,48.68,71.64,11.8,2.89
clyde river,90,CA,1580372550,68,70.47,-68.59,-20.2,4.7
okhotsk,0,RU,1580372551,65,59.38,143.3,-11.52,7.02
fairbanks,90,US,1580372403,83,64.84,-147.72,-8.0,4.27
bojnurd,90,IR,1580372551,41,37.47,57.33,41.0,2.24
paracuru,40,BR,1580372551,88,-3.41,-39.03,79.0,5.82
mar del plata,0,AR,1580372552,87,-38.0,-57.56,53.01,5.57
ponta do sol,20,PT,1580372552,76,32.67,-17.1,57.2,4.7
morro bay,1,US,1580372552,81,35.37,-120.85,51.01,5.82
ust-kuyga,88,RU,1580372552,97,70.02,135.6,-17.79,5.3
lebu,8,CL,1580372553,87,-37.62,-73.65,44.38,3.44
punta arenas,75,CL,1580372553,81,-53.15,-70.92,51.8,12.75
harper,74,LR,1580372553,76,4.38,-7.72,84.29,2.55
coahuayana,46,MX,1580372553,84,18.73,-103.68,64.78,5.46
thompson,90,CA,1580372261,92,55.74,-97.86,15.8,6.93
kudahuvadhoo,0,MV,1580372554,76,2.67,72.89,81.28,13.18
princeton,75,US,1580372314,88,25.54,-80.41,70.0,3.36
caravelas,0,BR,1580372554,84,-17.71,-39.25,79.2,6.93
petropavlovsk-kamchatskiy,0,RU,1580372554,61,53.05,158.65,14.0,4.47
iowa city,90,US,1580372492,79,41.66,-91.53,26.6,2.28
grindavik,20,IS,1580372555,78,63.84,-22.43,32.0,18.34
komsomolskiy,0,UZ,1580372555,56,40.43,71.72,42.8,4.7
svetlogorsk,100,BY,1580372555,84,52.63,29.73,32.81,15.03
barrow,1,US,1580372555,74,71.29,-156.79,-27.4,9.17
susanville,75,US,1580372555,90,40.42,-120.65,37.4,3.36
marabba,0,SD,1580372556,12,12.35,32.18,82.45,11.07
half moon bay,75,US,1580372556,87,37.46,-122.43,53.6,12.75
saint-pierre,0,RE,1580372556,62,-21.34,55.48,84.2,10.29
hobyo,78,SO,1580372556,50,5.35,48.53,83.34,20.78
saskylakh,94,RU,1580372557,98,71.92,114.08,-18.98,3.87
arraial do cabo,20,BR,1580372557,94,-22.97,-42.03,77.0,8.05
moses lake,20,US,1580372557,92,47.13,-119.28,37.0,6.93
anadyr,40,RU,1580372557,76,64.75,177.48,-5.01,2.24
ha giang,88,VN,1580372558,68,22.83,104.98,54.66,4.5
zhytomyr,100,UA,1580372558,91,50.26,28.68,34.07,18.66
sauda,75,NO,1580372558,100,59.65,6.35,39.0,6.93
vila velha,100,BR,1580372558,78,-20.33,-40.29,78.8,6.93
beringovskiy,95,RU,1580372558,99,63.05,179.32,-4.22,5.75
cururupu,100,BR,1580372559,98,-1.83,-44.87,74.44,0.56
yulara,100,AU,1580372559,49,-25.24,130.99,91.4,11.41
la palma,1,US,1580372392,46,33.85,-118.05,66.99,3.42
ushtobe,93,KZ,1580372559,84,45.25,77.98,23.65,3.83
dikson,100,RU,1580372560,97,73.51,80.55,-5.8,11.9
olafsvik,66,IS,1580372560,78,64.89,-23.71,33.67,21.94
meadow lake,90,US,1580372560,60,34.8,-106.54,37.0,3.22
nakamura,97,JP,1580372560,66,32.98,132.93,44.82,8.28
abnub,0,EG,1580372560,42,27.27,31.15,62.8,7.36
saint-michel-des-saints,0,CA,1580372561,8,46.68,-73.92,5.0,2.44
kasganj,0,IN,1580372561,46,27.82,78.65,66.85,13.13
saldanha,20,ZA,1580372561,49,-33.01,17.94,82.4,17.22
bagdarin,88,RU,1580372561,92,54.43,113.6,0.95,2.93
atuona,1,PF,1580372561,80,-9.8,-139.03,79.72,14.34
taltal,21,CL,1580372562,92,-25.4,-70.48,59.92,4.9
lasa,5,IT,1580372562,92,46.62,10.7,39.0,5.82
buala,100,SB,1580372562,77,-8.14,159.59,82.08,1.07
nevers,90,FR,1580372562,87,46.92,3.33,44.6,9.17
tiksi,96,RU,1580372562,92,71.69,128.87,-15.95,1.79
vostok,100,RU,1580372563,98,46.49,135.88,5.4,2.3
airai,49,TL,1580372563,79,-8.93,125.41,76.42,1.57
alofi,35,NU,1580372563,94,-19.06,-169.92,78.8,2.24
tasiilaq,100,GL,1580372563,63,65.61,-37.64,26.6,29.97
bethel,1,US,1580372502,67,41.37,-73.41,28.99,5.68
odessa,42,UA,1580372564,53,46.48,30.73,35.6,6.71
champasak,20,LA,1580372564,40,14.75,106.0,86.0,6.93
dunedin,0,NZ,1580372564,34,-45.87,170.5,73.0,20.0
fort nelson,40,CA,1580372564,84,58.81,-122.7,-2.2,6.93
alta floresta,100,BR,1580372565,98,-9.88,-56.09,71.02,4.29
barda,0,AZ,1580372565,43,40.37,47.13,55.4,5.82
kidal,0,ML,1580372565,9,18.44,1.41,79.02,10.6
farah,34,AF,1580372565,31,32.5,62.5,48.65,0.83
mahebourg,20,MU,1580372565,54,-20.41,57.7,84.2,8.05
alice springs,75,AU,1580372561,70,-23.7,133.88,84.2,17.22
baykit,100,RU,1580372566,90,61.67,96.37,-6.95,7.4
ribeira grande,75,PT,1580372566,93,38.52,-28.7,64.4,19.46
waipawa,2,NZ,1580372566,72,-41.41,175.52,64.99,19.46
pasni,0,PK,1580372566,25,25.26,63.47,72.1,11.1
morros,88,BR,1580372567,90,-9.45,-46.3,71.33,2.13
general pico,0,AR,1580372567,40,-35.66,-63.76,54.1,5.7
labuhan,100,ID,1580372567,86,-6.88,112.21,80.37,6.58
viedma,0,AR,1580372461,57,-40.81,-63.0,54.91,12.53
lazarev,0,RU,1580372567,85,52.23,141.51,-3.93,5.03
rawson,26,AR,1580372568,47,-43.3,-65.1,62.51,14.76
guskhara,41,IN,1580372568,68,23.5,87.75,79.0,4.36
ekibastuz,62,KZ,1580372568,79,51.67,75.37,3.42,3.22
vardo,100,NO,1580372568,67,70.37,31.11,21.2,33.33
rio claro,100,BR,1580372568,75,-22.41,-47.56,75.0,4.85
muros,75,ES,1580372569,100,42.78,-9.06,59.0,14.99
port elizabeth,75,ZA,1580372569,60,-33.92,25.57,75.2,10.29
north platte,1,US,1580372359,85,41.12,-100.77,28.99,4.7
pisco,100,PE,1580372569,94,-13.7,-76.22,71.6,10.29
santa rosa,20,PH,1580372570,48,14.31,121.11,86.0,8.05
port hardy,75,CA,1580372570,93,50.7,-127.42,37.4,2.24
shafranovo,100,RU,1580372570,95,53.97,54.77,22.12,12.59
elizabeth city,1,US,1580372405,86,36.29,-76.25,43.0,6.04
kuytun,97,RU,1580372570,85,54.34,101.5,6.49,7.02
dudinka,40,RU,1580372571,74,69.41,86.18,-22.0,11.18
nelson bay,0,AU,1580372571,74,-32.72,152.15,81.0,12.75
esperance,90,AU,1580372571,56,-33.87,121.9,73.4,26.4
bluefields,0,NI,1580372571,98,12.01,-83.76,68.63,0.74
enugu,0,NG,1580372572,53,6.44,7.49,75.2,3.36
acarau,34,BR,1580372348,97,-2.89,-40.12,74.28,4.07
constitucion,0,CL,1580372572,53,-35.33,-72.42,56.44,3.83
cidreira,95,BR,1580372572,80,-30.18,-50.21,75.11,7.31
nyurba,94,RU,1580372573,97,63.28,118.33,-0.45,5.03
coquimbo,0,CL,1580372573,87,-29.95,-71.34,60.8,2.24
bubaque,100,GW,1580372573,60,11.28,-15.83,75.52,8.81
qaqortoq,0,GL,1580372573,56,60.72,-46.03,14.0,8.05
abbeville,90,FR,1580372574,93,50.1,1.83,43.0,8.05
emerald,100,AU,1580372574,38,-23.53,148.17,91.4,14.99
zalantun,6,CN,1580372574,82,48.0,122.72,3.25,2.46
laguna,1,US,1580372574,81,38.42,-121.42,53.01,4.7
ewa beach,20,US,1580372459,69,21.32,-158.01,73.4,3.36
necochea,0,AR,1580372574,94,-38.55,-58.74,48.99,1.99
baillif,20,GP,1580372575,94,16.02,-61.75,69.8,2.24
soavinandriana,88,MG,1580372575,59,-19.17,46.73,83.34,5.08
kupang,40,ID,1580372566,89,-10.17,123.58,84.2,11.41
ahipara,0,NZ,1580372575,83,-35.17,173.17,69.82,9.53
darovskoy,99,RU,1580372575,95,58.77,47.96,16.81,4.56
richards bay,70,ZA,1580372576,84,-28.78,32.04,75.52,15.77
leningradskiy,100,RU,1580372576,96,69.38,178.42,-15.23,11.63
ilulissat,0,GL,1580372576,70,69.22,-51.1,-4.0,6.93
kuching,90,MY,1580372437,94,1.55,110.33,77.0,3.36
karratha,0,AU,1580372576,56,-20.74,116.85,88.79,27.63
distraccion,55,CO,1580372577,88,10.9,-72.89,66.33,1.3
olavarria,0,AR,1580372577,71,-36.89,-60.32,54.0,0.96
sangar,100,RU,1580372577,76,63.92,127.47,-4.92,15.75
arys,0,KZ,1580372338,56,42.43,68.8,41.0,4.47
chapais,1,CA,1580372577,75,49.78,-74.85,-18.4,2.24
sosnovo-ozerskoye,100,RU,1580372578,95,52.52,111.54,6.15,6.69
kulhudhuffushi,68,MV,1580372578,71,6.62,73.07,81.75,14.36
bokhan,100,RU,1580372578,87,53.15,103.77,8.49,9.6
katsuura,20,JP,1580372578,41,35.13,140.3,60.8,6.93
clonakilty,90,IE,1580372578,100,51.62,-8.87,48.99,1.12
behbahan,0,IR,1580372291,58,30.6,50.24,68.0,2.66
segovia,75,ES,1580372579,100,41.17,-4.0,46.99,1.12
piopio,0,NZ,1580372579,57,-38.47,175.02,68.0,3.0
hambantota,40,LK,1580372579,70,6.12,81.12,86.0,12.75
ucluelet,43,CA,1580372580,92,48.93,-125.55,39.0,5.55
padang,100,ID,1580372430,67,-0.95,100.35,79.43,4.52
boguchany,100,RU,1580372581,88,58.38,97.45,-1.55,10.87
key west,75,US,1580372581,88,24.56,-81.78,73.99,10.29
kendallville,90,US,1580372581,86,41.44,-85.27,30.2,3.36
berlevag,20,NO,1580372581,72,70.86,29.09,17.6,6.93
opalenica,75,PL,1580372582,95,52.31,16.41,37.99,12.75
golyshmanovo,33,RU,1580372582,93,56.4,68.37,-0.29,5.55
shingu,40,JP,1580372582,57,33.73,135.98,50.0,16.11
antalaha,74,MG,1580372582,74,-14.9,50.28,80.92,13.69
belaya gora,89,RU,1580372582,93,68.53,146.42,-17.12,5.26
havelock,90,US,1580372583,74,34.88,-76.9,44.6,12.75
port lincoln,0,AU,1580372583,28,-34.73,135.87,89.8,5.68
lokosovo,80,RU,1580372583,96,61.13,74.82,-15.39,5.82
hilo,90,US,1580372583,83,19.73,-155.09,71.6,4.7
semnan,3,IR,1580372583,38,35.57,53.4,44.38,1.99
cedral,100,MX,1580372584,87,23.8,-100.73,46.18,10.38
bengkulu,98,ID,1580372584,58,-3.8,102.27,85.26,6.85
hofn,21,IS,1580372584,73,64.25,-15.21,26.6,4.7
lata,75,PT,1580372584,87,40.16,-8.33,57.2,9.17
beinamar,100,TD,1580372585,7,8.67,15.38,82.85,5.08
isangel,72,VU,1580372585,81,-19.55,169.27,77.85,8.52
dalvik,75,IS,1580372585,100,65.97,-18.53,28.4,4.7
saint-philippe,1,RE,1580372585,62,-21.36,55.77,84.2,10.29
ketchikan,100,US,1580372352,99,55.34,-131.65,32.7,5.48
kachug,100,RU,1580372586,87,53.96,105.88,7.97,5.88
deniliquin,0,AU,1580372586,7,-35.53,144.97,105.01,3.0
talnakh,40,RU,1580372586,74,69.49,88.4,-22.0,11.18
herat,75,AF,1580372586,45,34.5,62.0,46.4,2.24
madang,100,PG,1580372587,77,-5.22,145.8,83.39,6.11
lorengau,94,PG,1580372587,76,-2.02,147.27,84.16,6.96
puro,61,PH,1580372587,73,12.48,123.38,79.45,8.21
lira,95,UG,1580372587,64,2.23,32.91,75.76,5.48
kloulklubed,75,PW,1580372587,78,7.04,134.26,82.4,3.36
khorixas,0,NA,1580372588,27,-20.37,14.97,91.36,8.21
elbistan,100,TR,1580372588,99,38.21,37.2,32.97,6.8
san juan,96,AR,1580372588,58,-31.54,-68.54,72.03,5.26
quiindy,100,PY,1580372588,93,-25.97,-57.27,71.55,10.38
vestmannaeyjar,0,IS,1580372589,74,63.44,-20.27,30.2,14.99
usinsk,25,RU,1580372589,95,65.99,57.53,-12.66,8.68
tiruvallur,20,IN,1580372589,52,13.15,79.92,89.6,6.93
kazanlak,0,BG,1580372589,46,42.62,25.4,44.6,23.04
henties bay,6,NA,1580372589,88,-22.12,14.28,66.0,3.0
gidam,5,IN,1580372412,34,18.98,81.4,84.9,8.43
hualmay,98,PE,1580372590,83,-11.1,-77.61,69.69,2.26
wangqing,95,CN,1580372590,90,43.32,129.76,9.45,5.48
ryotsu,75,JP,1580372590,87,38.08,138.43,48.2,6.93
rio gallegos,0,AR,1580372590,62,-51.62,-69.22,53.6,18.34
makakilo city,1,US,1580372591,88,21.35,-158.09,73.4,4.7
wajima,75,JP,1580372591,93,37.4,136.9,41.0,4.7
geraldton,75,AU,1580372591,46,-28.77,114.6,73.4,24.16
lamar,90,US,1580372591,93,33.67,-95.58,41.0,9.17
nyakahanga,56,TZ,1580372592,54,-1.6,31.14,75.49,7.38
praia da vitoria,75,PT,1580372592,93,38.73,-27.07,64.4,22.39
kolvereid,40,NO,1580372592,69,64.87,11.6,35.01,11.41
hami,1,CN,1580372592,71,42.8,93.45,16.47,1.63
salinopolis,100,BR,1580372593,81,-0.61,-47.36,81.91,14.12
vokhtoga,100,RU,1580372593,90,58.81,41.05,21.38,7.05
zhuanghe,0,CN,1580372593,32,39.7,122.99,30.0,7.0
ilfracombe,90,GB,1580372593,100,51.21,-4.11,50.0,5.82
havre-saint-pierre,1,CA,1580372593,60,50.23,-63.6,5.0,13.87
satun,20,TH,1580372593,55,6.83,100.0,89.6,10.29
kadaya,100,RU,1580372594,98,50.93,119.29,-7.31,2.46
kodiak,90,US,1580372594,78,57.79,-152.41,17.6,6.93
olinda,40,BR,1580372594,69,-8.01,-34.86,82.4,9.17
vangaindrano,40,MG,1580372594,87,-23.35,47.6,80.76,5.93
cap malheureux,20,MU,1580372594,54,-19.98,57.61,84.2,8.05
denpasar,75,ID,1580372583,83,-8.65,115.22,84.2,16.11
tecoanapa,0,MX,1580372595,81,16.52,-98.75,69.6,2.75
miandrivazo,21,MG,1580372595,57,-19.52,45.47,89.13,4.05
buchanan,40,LR,1580372595,100,5.88,-10.05,75.2,2.98
santiago,0,CL,1580372382,67,-33.46,-70.65,60.8,3.36
bilibino,99,RU,1580372596,100,68.05,166.44,-35.93,1.61
zhanakorgan,0,KZ,1580372596,84,43.91,67.25,33.31,3.0
rundu,21,NA,1580372596,51,-17.93,19.77,80.6,3.36
hasaki,20,JP,1580372596,47,35.73,140.83,57.2,3.36
marshall,90,US,1580372435,81,34.38,-86.33,45.0,1.74
husavik,75,IS,1580372597,100,66.04,-17.34,28.4,4.7
cornelio procopio,75,BR,1580372597,83,-23.18,-50.65,75.2,1.12
victor harbor,0,AU,1580372597,6,-35.57,138.62,105.8,4.7
khasan,0,RU,1580372597,65,42.43,130.64,21.31,11.3
machico,20,PT,1580372597,76,32.7,-16.77,59.0,4.7
iranshahr,0,IR,1580372373,22,27.2,60.68,66.2,4.7
hamilton,90,US,1580372356,74,39.18,-84.53,33.8,3.31
axim,52,GH,1580372598,71,4.87,-2.24,83.89,3.29
mayo,1,US,1580372598,68,38.89,-76.51,34.0,4.7
whitehorse,5,CA,1580372598,67,60.72,-135.05,23.0,12.75
campoverde,75,PE,1580372599,94,-8.48,-74.81,73.4,2.24
balaipungut,40,ID,1580372599,62,1.05,101.28,89.6,6.93
raudeberg,75,NO,1580372599,93,61.99,5.14,37.0,12.75
gimli,86,CA,1580372599,94,50.63,-96.99,15.01,5.99
marystown,100,CA,1580372599,94,47.17,-55.15,27.75,19.08
male,40,MV,1580372447,58,4.17,73.51,87.8,16.11
marawi,0,PH,1580372600,76,8.0,124.29,82.99,4.0
ust-ilimsk,100,RU,1580372600,86,58.0,102.66,4.98,10.47
palmer,1,US,1580372600,57,42.16,-72.33,24.8,8.05
la ronge,90,CA,1580372601,92,55.1,-105.28,21.2,9.17
paamiut,0,GL,1580372329,53,61.99,-49.67,5.86,8.52
antofagasta,40,CL,1580372601,82,-23.65,-70.4,72.0,3.36
yantal,100,RU,1580372601,90,56.85,105.25,11.39,11.63
alpena,90,US,1580372601,85,45.06,-83.43,25.0,3.36
lavrentiya,0,RU,1580372602,75,65.58,-171.0,-13.27,11.27
okha,0,RU,1580372602,93,53.57,142.95,-8.66,4.61
luanda,75,AO,1580372602,74,-8.84,13.23,82.4,4.7
gamba,50,GA,1580372602,71,-2.65,10.0,85.06,2.51
sterling,40,US,1580372602,73,39.01,-77.43,30.99,3.36
knysna,20,ZA,1580372603,68,-34.04,23.05,71.6,16.11
diego de almagro,0,CL,1580372603,76,-26.37,-70.05,54.73,0.31
malkara,71,TR,1580372603,57,40.89,26.9,47.12,15.73
vila franca do campo,75,PT,1580372603,100,37.72,-25.43,62.6,16.11
lakes entrance,0,AU,1580372603,59,-37.88,147.98,73.96,9.6
tonstad,40,NO,1580372604,93,58.66,6.72,37.0,8.05
chicama,85,PE,1580372604,88,-7.84,-79.15,69.8,8.05
borogontsy,92,RU,1580372604,88,62.67,131.17,-15.65,8.03
codrington,0,AU,1580372604,60,-38.27,141.97,71.2,12.59
comodoro rivadavia,100,AR,1580372604,42,-45.87,-67.5,62.6,29.97
durazno,100,UY,1580372605,86,-33.41,-56.5,63.25,15.59
rudbar,0,AF,1580372605,27,30.15,62.6,57.36,5.46
vanimo,98,PG,1580372605,82,-2.67,141.3,83.23,15.35
coihueco,35,CL,1580372605,66,-36.62,-71.83,53.6,6.93
mastic beach,1,US,1580372605,58,40.77,-72.85,28.99,4.7
camocim,63,BR,1580372429,95,-2.9,-40.84,73.36,3.62
badiraguato,40,MX,1580372606,93,25.37,-107.52,61.0,3.69
kavieng,100,PG,1580372606,77,-2.57,150.8,84.02,12.26
aquiraz,40,BR,1580372606,88,-3.9,-38.39,79.0,5.82
carnarvon,0,AU,1580372606,54,-24.87,113.63,80.6,24.16
los llanos de aridane,100,ES,1580372606,42,28.66,-17.92,70.0,6.93
patacamaya,100,BO,1580372607,88,-17.23,-67.92,44.22,4.0
luderitz,0,NA,1580372607,68,-26.65,15.16,69.8,9.17
kenai,75,US,1580372607,84,60.55,-151.26,16.0,5.82
uthal,0,PK,1580372607,17,25.81,66.62,74.1,8.23
adrar,100,MR,1580372607,15,20.5,-10.07,65.79,12.75
huarmey,99,PE,1580372608,76,-10.07,-78.15,70.95,1.88
bacolod,88,PH,1580372608,67,10.67,122.95,81.34,7.38
coronado,20,US,1580372608,44,32.69,-117.18,62.01,8.05
provideniya,0,RU,1580372608,56,64.38,-173.3,-8.09,7.76
mirabad,0,AF,1580372609,22,30.44,61.84,55.8,2.17
keetmanshoop,0,NA,1580372609,8,-26.58,18.13,95.0,11.41
kirsanov,100,RU,1580372609,100,52.65,42.72,35.53,16.96
byron bay,40,AU,1580372430,74,-28.65,153.62,84.2,13.87
quatre cocos,20,MU,1580372609,54,-20.21,57.76,84.2,8.05
ostrovnoy,41,RU,1580372464,97,68.05,39.51,0.07,8.52
mersing,100,MY,1580372610,78,2.43,103.84,81.0,16.13
toguchin,100,RU,1580372610,91,55.24,84.39,-3.41,8.77
muramatsu,75,JP,1580372610,81,37.68,139.18,48.2,19.46
salta,90,AR,1580372610,93,-24.79,-65.41,69.8,4.7
sechura,0,PE,1580372611,84,-5.56,-80.82,72.64,7.81
matara,0,LK,1580372611,47,5.95,80.54,89.11,6.98
shimoda,20,JP,1580372611,54,34.67,138.95,57.2,17.22
haines junction,43,CA,1580372611,94,60.75,-137.51,11.41,14.74
bilma,0,NE,1580372611,9,18.69,12.92,75.11,9.64
blagoyevo,86,RU,1580372612,97,63.37,47.92,-4.68,4.34
acari,100,PE,1580372612,94,-15.43,-74.62,65.62,3.74
yetkul,100,RU,1580372612,84,54.82,61.59,8.6,6.71
rosarito,1,MX,1580372612,45,32.33,-117.03,62.01,2.15
teacapan,100,MX,1580372612,78,22.55,-105.75,66.07,0.16
nichinan,75,JP,1580372613,76,31.6,131.37,51.8,4.7
posse,96,BR,1580372613,96,-14.09,-46.37,68.32,1.79
varhaug,40,NO,1580372613,93,58.61,5.65,41.0,8.05
ulladulla,0,AU,1580372613,69,-35.35,150.47,90.0,9.17
uglegorsk,100,RU,1580372614,96,49.08,142.03,7.32,9.53
tessalit,0,ML,1580372614,16,20.2,1.01,74.25,12.97
yazoo city,75,US,1580372614,100,32.86,-90.41,39.2,5.93
isla mujeres,75,MX,1580372402,94,21.23,-86.73,69.8,5.82
ampere,100,BR,1580372615,98,-25.91,-53.47,67.05,2.51
gandai,34,IN,1580372615,27,21.67,81.1,82.8,11.61
collierville,90,US,1580372603,100,35.04,-89.66,42.01,6.93
san quintin,0,MX,1580372615,49,30.48,-115.95,57.47,4.56
ponta delgada,75,PT,1580372615,100,37.73,-25.67,62.6,16.11
yermakovskoye,30,RU,1580372616,85,53.28,92.4,4.93,5.28
tuatapere,21,NZ,1580372616,60,-46.13,167.68,66.0,18.99
college,90,US,1580372616,83,64.86,-147.8,-8.0,3.85
inhambane,40,MZ,1580372616,55,-23.86,35.38,86.0,2.24
la primavera,83,CO,1580372616,57,5.49,-70.41,78.3,5.06
acucena,100,BR,1580372617,99,-19.07,-42.55,69.44,1.03
gravdal,40,NO,1580372617,55,68.12,13.5,37.4,13.87
takoradi,52,GH,1580372617,71,4.88,-1.76,83.89,3.29
fernie,5,CA,1580372617,64,49.5,-115.07,33.8,3.36
krasnyy oktyabr,100,RU,1580372618,93,56.12,38.88,28.89,9.66
audincourt,100,FR,1580372618,100,47.48,6.85,41.0,5.82
carballo,75,ES,1580372618,87,43.21,-8.69,57.99,13.87
boromo,34,BF,1580372618,5,11.75,-2.93,82.11,10.8
eureka,90,US,1580372618,93,40.8,-124.16,53.6,6.93
srednekolymsk,98,RU,1580372619,82,67.45,153.68,-19.59,9.22
faya,40,SA,1580372619,59,18.39,42.45,66.2,9.17
moree,100,AU,1580372619,24,-29.47,149.85,100.4,5.82
kubachi,0,RU,1580372619,81,42.09,47.6,33.15,3.47
san lorenzo,90,PY,1580372619,94,-25.33,-57.53,73.4,13.87
abingdon,90,GB,1580372620,100,51.67,-1.28,48.2,12.75
egvekinot,98,RU,1580372620,85,66.32,-179.17,-13.67,5.57
pontianak,75,ID,1580372620,88,-0.03,109.33,80.6,3.36
maniitsoq,47,GL,1580372620,71,65.42,-52.9,4.71,6.38
satipo,98,PE,1580372620,95,-11.25,-74.64,58.14,2.48
darab,0,IR,1580372621,34,28.75,54.54,54.64,3.89
gainesville,90,US,1580372503,93,29.65,-82.32,55.0,9.17
chuguyevka,100,RU,1580372621,99,44.17,133.86,1.18,4.03
jalu,0,LY,1580372621,30,29.03,21.55,64.4,8.9
auki,100,SB,1580372621,66,-8.77,160.7,85.96,3.65
tambun,40,ID,1580372622,74,-6.26,107.07,89.01,9.17
vammala,75,FI,1580372622,97,61.33,22.9,33.01,9.17
moron,0,AR,1580372622,87,-34.65,-58.62,60.8,3.36
jidong,0,CN,1580372622,92,45.22,131.08,5.95,3.13
nhulunbuy,100,AU,1580372622,70,-12.23,136.77,87.8,18.34
homer,90,US,1580372540,78,59.64,-151.55,17.01,6.93
samarai,100,PG,1580372623,84,-10.62,150.67,79.16,6.78
zelenoborskiy,100,RU,1580372623,88,66.84,32.36,5.94,11.52
dingle,92,PH,1580372623,79,11.0,122.67,79.14,8.1
bairiki,40,KI,1580372623,79,1.33,172.98,84.2,3.36
sambava,91,MG,1580372624,54,-14.27,50.17,86.99,4.25
klaksvik,100,FO,1580372624,93,62.23,-6.59,37.4,13.87
eyl,100,SO,1580372625,70,7.98,49.82,75.67,21.59
dumas,1,US,1580372625,92,35.87,-101.97,30.2,4.7
nioro,50,GM,1580372626,12,13.35,-15.75,78.3,14.29
vilyuysk,100,RU,1580372626,98,63.76,121.62,-7.69,4.45
bam,0,IR,1580372626,26,29.11,58.36,59.92,6.73
iglesias,40,IT,1580372626,87,39.31,8.54,51.8,3.36
requena,20,ES,1580372626,67,39.49,-1.1,59.0,4.7
storsteinnes,40,NO,1580372627,62,69.24,19.23,30.2,25.28
sinamar,100,PH,1580372627,82,16.9,121.57,70.74,12.3
biak,19,ID,1580372627,74,-0.91,122.88,85.48,11.34
acapulco,5,MX,1580372357,83,16.86,-99.89,75.2,6.93
waverly,90,US,1580372628,79,42.74,-84.62,28.99,1.66
udachnyy,90,RU,1580372628,91,66.42,112.4,-2.2,6.71
saronno,20,IT,1580372628,45,45.63,9.03,46.0,3.36
paita,0,PE,1580372628,71,-5.09,-81.11,74.41,6.38
burgeo,100,CA,1580372629,77,47.62,-57.62,24.46,25.75
kahului,20,US,1580372507,77,20.89,-156.47,72.0,4.7
pochutla,2,MX,1580372629,89,15.74,-96.47,75.0,4.68
vaitape,100,PF,1580372630,72,-16.52,-151.75,81.66,11.59
nova aurora,30,BR,1580372630,95,-22.87,-52.57,70.12,6.15
de-kastri,0,RU,1580372630,89,51.47,140.78,1.02,4.99
kolobrzeg,100,PL,1580372630,91,54.18,15.58,36.0,19.51
monsenhor gil,90,BR,1580372630,94,-5.56,-42.61,77.0,8.05
oranjemund,0,NA,1580372631,60,-28.55,16.43,72.55,9.13
pacific grove,20,US,1580372584,87,36.62,-121.92,53.01,5.93
dzhalil,100,RU,1580372631,95,55.02,52.74,22.39,12.26
corinto,75,GR,1580372631,67,37.94,22.96,64.0,3.36
ukiah,75,US,1580372631,87,39.15,-123.21,54.0,4.97
wanning,53,CN,1580372632,62,18.8,110.4,64.33,11.59
namibe,75,AO,1580372632,88,-15.2,12.15,73.4,5.57
amalapuram,40,IN,1580372394,52,16.58,82.02,87.8,12.75
pallasovka,100,RU,1580372632,98,50.05,46.88,33.4,11.95
tilichiki,78,RU,1580372632,81,60.47,166.1,1.76,4.56
ust-omchug,0,RU,1580372633,75,61.15,149.63,-30.28,3.42
te anau,89,NZ,1580372633,89,-45.42,167.72,56.52,16.64
poum,2,NC,1580372633,72,-20.23,164.02,79.57,12.26
petropavlivka,24,UA,1580372633,60,48.46,36.44,40.53,24.09
zhanaozen,99,KZ,1580372634,46,43.3,52.8,43.7,18.7
noumea,75,NC,1580372592,69,-22.28,166.46,77.0,19.46
missoula,1,US,1580372634,97,47.02,-113.8,39.0,14.99
zhigansk,100,RU,1580372634,91,66.77,123.37,-3.33,17.02
clarence town,0,AU,1580372634,74,-32.58,151.78,81.0,12.75
cherskiy,100,RU,1580372635,97,68.75,161.3,-23.49,9.1
uren,100,RU,1580372635,93,57.46,45.79,23.27,8.55
dwarka,0,IN,1580372635,45,22.24,68.97,69.76,7.63
atherton,90,GB,1580372635,81,53.52,-2.49,46.99,6.93
yarim,97,YE,1580372635,20,14.3,44.38,64.11,0.56
araouane,0,ML,1580372636,18,18.9,-3.53,68.13,16.58
severnyy,90,RU,1580372636,95,50.68,36.55,32.0,17.9
portland,90,US,1580372533,87,45.52,-122.68,48.2,3.36
yarmouth,75,US,1580372636,63,41.71,-70.23,33.01,16.11
kutum,50,SD,1580372637,10,14.2,24.67,67.03,12.77
bathsheba,40,BB,1580372637,78,13.22,-59.52,78.8,14.99
kaitangata,0,NZ,1580372637,41,-46.28,169.85,71.01,34.0
tigil,100,RU,1580372637,95,57.8,158.67,8.15,8.77
kalach-na-donu,75,RU,1580372637,100,48.69,43.53,35.6,11.18
pestravka,100,RU,1580372637,96,52.41,49.96,31.08,14.76
vero beach,90,US,1580372365,93,27.64,-80.4,62.6,6.93
nishihara,75,JP,1580372638,47,26.18,127.76,59.0,31.09
hisai,20,JP,1580372638,66,34.67,136.47,52.0,28.86
margate,75,GB,1580372480,87,51.38,1.39,48.2,8.05
piracanjuba,100,BR,1580372639,92,-17.3,-49.02,66.2,3.06
cabedelo,40,BR,1580372397,88,-6.98,-34.83,77.0,4.7
itarema,34,BR,1580372639,97,-2.92,-39.92,74.28,4.07
ouallam,0,NE,1580372639,5,14.32,2.09,81.57,16.26
khoy,40,IR,1580372639,64,38.55,44.95,35.6,6.93
kerema,96,PG,1580372640,76,-7.96,145.78,80.53,2.3
gizo,100,SB,1580372640,85,-8.1,156.84,78.96,5.19
amapa,100,BR,1580372640,99,1.0,-52.0,71.69,1.88
maki,75,JP,1580372640,81,37.75,138.88,48.2,19.46
hoquiam,40,US,1580372641,100,46.98,-123.89,45.0,5.82
akcakoca,100,TR,1580372641,91,41.09,31.12,43.38,2.35
davila,75,PH,1580372641,78,18.47,120.58,75.2,14.99
conakry,40,GN,1580372641,69,9.54,-13.68,77.0,5.97
sistranda,98,NO,1580372642,80,63.73,8.83,35.01,11.41
sorong,84,ID,1580372642,73,-0.88,131.25,82.2,4.65
beira,36,MZ,1580372402,61,-19.84,34.84,81.77,10.58
saint-louis,0,SN,1580372642,42,16.33,-15.0,66.2,2.24
mount isa,75,AU,1580372643,100,-20.73,139.5,77.0,17.22
schlieren,79,CH,1580372643,86,47.4,8.45,39.0,8.05
haguenau,20,FR,1580372643,93,48.82,7.79,45.0,3.36
camacha,40,PT,1580372643,82,33.08,-16.33,59.0,1.12
kingaroy,75,AU,1580372643,45,-26.53,151.83,86.0,6.93
menongue,99,AO,1580372644,69,-14.66,17.69,73.96,5.3
saint-paul,90,RE,1580372644,62,-21.01,55.27,84.2,11.41
noyabrsk,97,RU,1580372644,95,63.2,75.45,-11.18,9.28
khandyga,5,RU,1580372644,81,62.67,135.6,-20.18,1.36
mount gambier,0,AU,1580372644,22,-37.83,140.77,89.6,20.8
mahibadhoo,8,MV,1580372645,76,3.78,72.97,81.05,13.82
san vicente,100,AR,1580372645,99,-26.62,-54.13,66.67,1.1
yaring,20,TH,1580372645,66,6.87,101.37,86.0,10.29
maceio,20,BR,1580372439,94,-9.67,-35.74,73.4,5.82
sungaipenuh,100,ID,1580372646,70,-2.08,101.38,74.48,2.04
ongandjera,100,NA,1580372646,42,-17.88,15.07,84.99,9.44
paraiso,75,CR,1580372646,94,9.84,-83.87,69.01,5.82
sabang,99,ID,1580372646,68,5.89,95.32,81.41,12.39
russell,1,US,1580372646,93,32.35,-85.2,41.0,6.08
kruisfontein,40,ZA,1580372647,56,-34.0,24.73,74.41,13.53
vallenar,0,CL,1580372647,96,-28.57,-70.76,54.59,1.23
gigmoto,66,PH,1580372647,69,13.78,124.39,79.63,13.02
asau,67,RO,1580372647,48,46.43,26.4,43.0,10.29
chekhov,75,RU,1580372647,92,55.14,37.47,32.0,13.42
san pedro,20,PH,1580372648,48,14.35,121.02,86.0,8.05
toktogul,0,KG,1580372649,56,41.87,72.94,21.0,1.77
muzhi,3,RU,1580372649,89,65.37,64.67,-16.06,2.89
akureyri,75,IS,1580372649,100,65.68,-18.09,28.4,4.7
salekhard,17,RU,1580372649,88,66.53,66.6,-21.59,1.3
malanville,0,BJ,1580372649,7,11.87,3.39,80.26,15.05
tautira,100,PF,1580372650,74,-17.73,-149.15,82.0,5.99
chipinge,0,ZW,1580372650,36,-20.19,32.62,83.3,10.92
vila,90,PT,1580372650,100,42.03,-8.16,59.0,13.87
zarumilla,3,PE,1580372650,78,-3.5,-80.27,76.75,2.82
council bluffs,90,US,1580372650,100,41.26,-95.86,32.0,6.93
alyangula,100,AU,1580372651,52,-13.85,136.42,93.2,11.41
sampit,100,ID,1580372651,94,-2.53,112.95,76.96,6.4
taoudenni,85,ML,1580372651,14,22.68,-3.98,63.37,12.03
sardarshahr,0,IN,1580372651,33,28.43,74.48,66.16,3.74
price,1,US,1580372652,63,39.6,-110.81,27.0,11.41
agadir,70,MA,1580372652,34,30.42,-9.6,51.8,10.29
katubao,20,PH,1580372652,66,5.89,124.83,87.8,6.93
cairns,90,AU,1580372431,74,-16.92,145.77,84.2,5.82
bandarbeyla,100,SO,1580372652,66,9.49,50.81,75.29,17.76
